IP Address,Timestamp,URL
::1,12/Aug/2024:12:04:58 +0300,/
::1,12/Aug/2024:12:13:11 +0300,/
::1,12/Aug/2024:12:14:26 +0300,/
::1,12/Aug/2024:12:14:26 +0300,/favicon.ico
::1,12/Aug/2024:12:19:44 +0300,/a
::1,12/Aug/2024:12:20:14 +0300,/b
::1,12/Aug/2024:12:20:38 +0300,/key=yusuf
::1,12/Aug/2024:12:20:49 +0300,/key=ali
::1,12/Aug/2024:12:31:06 +0300,/
::1,12/Aug/2024:12:31:06 +0300,/
::1,12/Aug/2024:12:31:06 +0300,/
::1,12/Aug/2024:12:31:06 +0300,/
::1,12/Aug/2024:12:31:06 +0300,/
::1,12/Aug/2024:12:31:06 +0300,/
::1,12/Aug/2024:12:31:06 +0300,/
::1,12/Aug/2024:12:31:06 +0300,/
::1,12/Aug/2024:12:31:06 +0300,/
::1,12/Aug/2024:12:31:06 +0300,/
::1,12/Aug/2024:12:31:06 +0300,/
::1,12/Aug/2024:12:31:06 +0300,/
::1,12/Aug/2024:12:31:06 +0300,/
::1,12/Aug/2024:12:31:06 +0300,/
::1,12/Aug/2024:12:31:06 +0300,/
::1,12/Aug/2024:12:31:06 +0300,/
::1,12/Aug/2024:12:31:06 +0300,/
::1,12/Aug/2024:12:31:06 +0300,/
::1,12/Aug/2024:12:31:06 +0300,/
::1,12/Aug/2024:12:31:06 +0300,/
::1,12/Aug/2024:12:31:06 +0300,/
::1,12/Aug/2024:12:31:06 +0300,/
::1,12/Aug/2024:12:31:06 +0300,/
::1,12/Aug/2024:12:31:06 +0300,/
::1,12/Aug/2024:12:31:06 +0300,/
::1,12/Aug/2024:12:31:06 +0300,/
::1,12/Aug/2024:12:31:06 +0300,/
::1,12/Aug/2024:12:31:06 +0300,/
::1,12/Aug/2024:12:31:06 +0300,/
::1,12/Aug/2024:12:31:06 +0300,/
::1,12/Aug/2024:12:31:06 +0300,/
::1,12/Aug/2024:12:31:06 +0300,/
::1,12/Aug/2024:12:31:06 +0300,/
::1,12/Aug/2024:12:31:06 +0300,/
::1,12/Aug/2024:12:31:06 +0300,/
::1,12/Aug/2024:12:31:06 +0300,/
::1,12/Aug/2024:12:31:06 +0300,/
::1,12/Aug/2024:12:31:06 +0300,/
::1,12/Aug/2024:12:31:06 +0300,/
::1,12/Aug/2024:12:31:06 +0300,/
::1,12/Aug/2024:12:31:06 +0300,/
::1,12/Aug/2024:12:31:06 +0300,/
::1,12/Aug/2024:12:31:06 +0300,/
::1,12/Aug/2024:12:31:06 +0300,/
::1,12/Aug/2024:12:31:06 +0300,/
::1,12/Aug/2024:12:31:06 +0300,/
::1,12/Aug/2024:12:31:06 +0300,/
::1,12/Aug/2024:12:31:06 +0300,/
::1,12/Aug/2024:12:31:06 +0300,/
::1,12/Aug/2024:12:31:06 +0300,/
::1,12/Aug/2024:12:31:06 +0300,/
::1,12/Aug/2024:12:31:06 +0300,/
::1,12/Aug/2024:12:31:06 +0300,/
::1,12/Aug/2024:12:31:06 +0300,/
::1,12/Aug/2024:12:31:06 +0300,/
::1,12/Aug/2024:12:31:06 +0300,/
::1,12/Aug/2024:12:31:06 +0300,/
::1,12/Aug/2024:12:31:06 +0300,/
::1,12/Aug/2024:12:31:06 +0300,/
::1,12/Aug/2024:12:31:06 +0300,/
::1,12/Aug/2024:12:31:06 +0300,/
::1,12/Aug/2024:12:31:06 +0300,/
::1,12/Aug/2024:12:31:06 +0300,/
::1,12/Aug/2024:12:31:06 +0300,/
::1,12/Aug/2024:12:31:06 +0300,/
::1,12/Aug/2024:12:31:06 +0300,/
::1,12/Aug/2024:12:31:06 +0300,/
::1,12/Aug/2024:12:31:06 +0300,/
::1,12/Aug/2024:12:31:06 +0300,/
::1,12/Aug/2024:12:31:06 +0300,/
::1,12/Aug/2024:12:31:06 +0300,/
::1,12/Aug/2024:12:31:06 +0300,/
::1,12/Aug/2024:12:31:06 +0300,/
::1,12/Aug/2024:12:31:06 +0300,/
::1,12/Aug/2024:12:31:06 +0300,/
::1,12/Aug/2024:12:31:06 +0300,/
::1,12/Aug/2024:12:31:06 +0300,/
::1,12/Aug/2024:12:31:06 +0300,/
::1,12/Aug/2024:12:31:06 +0300,/
::1,12/Aug/2024:12:31:06 +0300,/
::1,12/Aug/2024:12:31:06 +0300,/
::1,12/Aug/2024:12:31:06 +0300,/
::1,12/Aug/2024:12:31:06 +0300,/
::1,12/Aug/2024:12:31:06 +0300,/
::1,12/Aug/2024:12:31:06 +0300,/
::1,12/Aug/2024:12:31:06 +0300,/
::1,12/Aug/2024:12:31:06 +0300,/
::1,12/Aug/2024:12:31:06 +0300,/
::1,12/Aug/2024:12:31:06 +0300,/
::1,12/Aug/2024:12:31:06 +0300,/
::1,12/Aug/2024:12:31:06 +0300,/
::1,12/Aug/2024:12:31:06 +0300,/
::1,12/Aug/2024:12:31:06 +0300,/
::1,12/Aug/2024:12:31:06 +0300,/
::1,12/Aug/2024:12:31:06 +0300,/
::1,12/Aug/2024:12:31:06 +0300,/
::1,12/Aug/2024:12:31:06 +0300,/
::1,12/Aug/2024:12:31:06 +0300,/
::1,12/Aug/2024:12:31:06 +0300,/
::1,12/Aug/2024:12:31:06 +0300,/
